"","id","name","mukim","area"
"1",1,"Kg. Biang","MUKIM AMO",19191702
"2",2,"Kg. Amo","MUKIM AMO",51795888
"3",3,"Kg. Sibut","MUKIM AMO",7562336
"4",4,"Kg. Sumbiling Baru","MUKIM AMO",6621619
"5",5,"Kg. Batang Duri","MUKIM AMO",34466940
"6",6,"Kg. Sumbiling Lama","MUKIM AMO",6270626
"7",7,"Hutan Simpan Batu Apoi","MUKIM AMO",421443136
"8",8,"Kg. Selapon","MUKIM BATU APOI",145718064
"9",9,"Kg. Lepong","MUKIM BOKOK",11152877
"10",10,"Kg. Semabat","MUKIM BOKOK",12574491
"11",11,"Kawasan Bahaya","MUKIM BOKOK",9094477
"12",12,"Kg. Temada","MUKIM BOKOK",42809232
"13",13,"Hutan Simpan Batu Apoi","MUKIM BOKOK",43206468
"14",14,"Kg. Ikas","MUKIM KERIAM",5583832
"15",15,"Kg. Katok","MUKIM GADONG A",5380744
"16",16,"Kg. Jaya Bakti","MUKIM BERAKAS A",189973.21875
"17",17,"Perumahan Negara Lambak Kanan Kawasan 2","MUKIM BERAKAS B",1994734.375
"18",18,"Perumahan Negara Rimba Kawasan 4","MUKIM GADONG A",1507586.625
"19",19,"Lapangan Terbang Antarabangsa Brunei","MUKIM BERAKAS A",9241854
"20",20,"Hutan Simpan","MUKIM GADONG A",4911623.5
"21",21,"Perumahan Negara Lambak Kanan Kawasan 1","MUKIM BERAKAS B",1700968
"22",22,"Perumahan Negara Rimba Kawasan 1","MUKIM GADONG A",1193015.625
"23",23,"Perumahan Negara Rimba Kawasan 2","MUKIM GADONG A",1618196
"24",24,"Perumahan Negara Lambak Kanan Kawasan 3","MUKIM BERAKAS B",1396574.5
"25",25,"Perumahan Negara Rimba Kawasan 3","MUKIM GADONG A",1377746.625
"26",26,"Perumahan Negara Lambak Kanan Kawasan 4","MUKIM BERAKAS B",1301815.125
"27",27,"Perumahan Negara Lambak Kanan Kawasan 5","MUKIM BERAKAS B",654616.3125
"28",28,"Perumahan Negara Rimba Kawasan 5","MUKIM GADONG A",1697312.375
"29",29,"Perumahan Negara Mentiri Kawasan A","MUKIM MENTIRI",2850799.25
"30",30,"Perumahan Negara Mentiri Kawasan B","MUKIM MENTIRI",926182.25
"31",31,"Kawasan Jabatan-Jabatan dan Perumahan Kerajaan","MUKIM BERAKAS A",4115267.5
"32",32,"Kg. Anggerek Desa","MUKIM BERAKAS A",902883.4375
"33",33,"Kg. Bakut Berumput","MUKIM PERAMU",29340.890625
"34",34,"Kg. Bakut Pengiran Siraja Muda A","MUKIM PERAMU",24014.71484375
"35",35,"Kg. Bakut Pengiran Siraja Muda B","MUKIM PERAMU",17717.78515625
"36",36,"Kg. Batang Perhentian","MUKIM PANGKALAN BATU",1165012.75
"37",37,"Kg. Batong","MUKIM PANGKALAN BATU",9780677
"38",38,"Kg. Batu Ampar","MUKIM PANGKALAN BATU",2502916.5
"39",39,"Kg. Batu Marang","MUKIM MENTIRI",2768003.5
"40",40,"Kg. BebatIk","MUKIM PANGKALAN BATU",3161866.75
"41",41,"Kg. Bebuloh","MUKIM PANGKALAN BATU",6289628.5
"42",42,"Kg. Belimbing","MUKIM KOTA BATU",9098328
"43",43,"Kg. Bengkurong","MUKIM KILANAS",3253259
"44",44,"Kg. Berangan","MUKIM KIANGGEH",1451312.625
"45",45,"Kg. Beribi","MUKIM GADONG B",6343288.5
"46",46,"Kg. Bolkiah A","MUKIM SUNGAI KEBUN",369634.46875
"47",47,"Kg. Bolkiah B","MUKIM SUNGAI KEBUN",483312.0625
"48",48,"Kg. Buang Sakar","MUKIM LUMAPAS",2417071
"49",49,"Kg. Buang Tawar","MUKIM KOTA BATU",902222.25
"50",50,"Kg. Buang Tekurok","MUKIM LUMAPAS",2727944.75
"51",51,"Kg. Bunut","MUKIM KILANAS",962722.8125
"52",52,"Kg. Bunut Perpindahan","MUKIM KILANAS",1218430.875
"53",53,"Kg. Burong Lepas","MUKIM KILANAS",1388292.5
"54",54,"Kg. Burong Pingai Ayer","MUKIM BURONG PINGAI AYER",251780.265625
"55",55,"Kg. Burong Pingai Berakas","MUKIM BERAKAS A",171406.515625
"56",56,"Kg. Dato Gandi","MUKIM KOTA BATU",484490.4375
"57",57,"Kg. Gadong Batu","MUKIM KOTA BATU",885710.375
"58",58,"Kg. Imang","MUKIM PANGKALAN BATU",8159675
"59",59,"Kg. Jangsak","MUKIM KILANAS",3004746.25
"60",60,"Kg. Jaya Setia","MUKIM BERAKAS A",902437.4375
"61",61,"Kg. Jerudong","MUKIM SENGKURONG",22312918
"62",62,"Kg. Junjongan","MUKIM PANGKALAN BATU",11343643
"63",63,"Kg. Kapok","MUKIM SERASA",4876712.5
"64",64,"Kg. Katimahar","MUKIM SENGKURONG",5331660.5
"65",65,"Kg. Kianggeh","MUKIM KIANGGEH",841464.125
"66",66,"Kg. Kiarong","MUKIM GADONG B",3834252.5
"67",67,"Kg. Kilanas","MUKIM KILANAS",7930339
"68",68,"Kg. Kiulap","MUKIM GADONG B",1765308.125
"69",69,"Kg. Kota Batu","MUKIM KOTA BATU",1408302.375
"70",70,"Kg. Kuala Peminyak","MUKIM SUNGAI KEDAYAN",13236.8779296875
"71",71,"Kg. Kulapis","MUKIM SENGKURONG",4867108.5
"72",72,"Kg. Kumbang Pasang","MUKIM KIANGGEH",568641.75
"73",73,"Kg. Lambak A","MUKIM BERAKAS A",3504150
"74",74,"Kg. Lambak B","MUKIM BERAKAS A",2529104
"75",75,"Kg. Lambak Kiri","MUKIM BERAKAS A",892871.9375
"76",76,"Kg. Limau Manis","MUKIM PANGKALAN BATU",6214020
"77",77,"Kg. Limbongan","MUKIM TAMOI",12749.24609375
"78",78,"Kg. Lugu","MUKIM SENGKURONG",6820434
"79",79,"Kg. Lumapas","MUKIM LUMAPAS",18216170
"80",80,"Kg. Lupak Luas","MUKIM LUMAPAS",1374833.125
"81",81,"Kg. Lurong Dalam","MUKIM BURONG PINGAI AYER",144249.625
"82",82,"Kg. Lurong Sikuna","MUKIM PERAMU",54429.0625
"83",83,"Kg. Madang","MUKIM BERAKAS B",902666.375
"84",84,"Kg. Madewa","MUKIM KILANAS",745360.5625
"85",85,"Kg. Manggis","MUKIM BERAKAS B",1729804.875
"86",86,"Kg. Masin","MUKIM PANGKALAN BATU",11004462
"87",87,"Kg. Mata-Mata","MUKIM GADONG B",4812038
"88",88,"Kg. Melabau","MUKIM KIANGGEH",3058687
"89",89,"Kg. Menglait","MUKIM GADONG B",1253962.875
"90",90,"Kg. Mentiri","MUKIM MENTIRI",3226852.25
"91",91,"Kg. Menunggul","MUKIM KOTA BATU",7990545.5
"92",92,"Kg. Mulaut","MUKIM SENGKURONG",6808658
"93",93,"Kg. Orang Kaya Besar Imas","MUKIM BERAKAS A",423860.46875
"94",94,"Kg. Pancha Delima","MUKIM BERAKAS A",515947.40625
"95",95,"Kg. Panchor Murai","MUKIM PANGKALAN BATU",5279565
"96",96,"Kg. Pandai Besi A","MUKIM BURONG PINGAI AYER",29122.138671875
"97",97,"Kg. Pandai Besi B","MUKIM BURONG PINGAI AYER",26847.25
"98",98,"Kg. Pangkalan Batu","MUKIM PANGKALAN BATU",4375045.5
"99",99,"Kg. Pangkalan Gadong","MUKIM GADONG B",2544861.25
"100",100,"Kg. Pangkalan Sibabau","MUKIM MENTIRI",1968074.75
"101",101,"Kg. Pasai","MUKIM SENGKURONG",844430.8125
"102",102,"Kg. Pekan Lama","MUKIM BURONG PINGAI AYER",51630.05859375
"103",103,"Kg. Pekilong Muara","MUKIM PERAMU",41423.0625
"104",104,"Kg. Pelambaian","MUKIM KOTA BATU",588633.6875
"105",105,"Kg. Pengiran Bendahara Lama","MUKIM TAMOI",128836.5234375
"106",106,"Kg. Pengiran Kerma Indera Lama","MUKIM TAMOI",39476.5859375
"107",107,"Kg. Pengiran Pemancha Lama","MUKIM SUNGAI KEDAYAN",14146.6689453125
"108",108,"Kg. Pengiran Setia Negara","MUKIM BURONG PINGAI AYER",20968.1953125
"109",109,"Kg. Pengiran Siraja Muda Delima Satu","MUKIM BERAKAS A",729585.75
"110",110,"Kg. Pengiran Tajuddin Hitam","MUKIM TAMOI",46234.109375
"111",111,"Kg. Peninjau","MUKIM SENGKURONG",10187345
"112",112,"Kg. Peramu","MUKIM PERAMU",87720.84375
"113",113,"Kg. Pintu Malim","MUKIM KOTA BATU",153283.34375
"114",114,"Kg. Pudak","MUKIM KOTA BATU",4809036
"115",115,"Kg. Pulaie","MUKIM BERAKAS A",820990.1875
"116",116,"Kg. Pusar Ulak","MUKIM KIANGGEH",458639.875
"117",117,"Kg. Putat","MUKIM LUMAPAS",3914018.75
"118",118,"Kg. Rimba","MUKIM GADONG A",5831412
"119",119,"Kg. Riong","MUKIM KOTA BATU",2005086.125
"120",120,"Kg. Saba Darat A","MUKIM SABA",45070.546875
"121",121,"Kg. Saba Darat B","MUKIM SABA",112194.421875
"122",122,"Kg. Saba Laut","MUKIM SABA",27025.673828125
"123",123,"Kg. Saba Tengah","MUKIM SABA",38300.78515625
"124",124,"Kg. Saba ujong","MUKIM SABA",24080.939453125
"125",125,"Kg. Sabun","MUKIM SERASA",1374688.625
"126",126,"Kg. Salambigar","MUKIM BERAKAS B",6320990
"127",127,"Kg. Salar","MUKIM MENTIRI",2706321.75
"128",128,"Kg. Selayun","MUKIM SENGKURONG",3310363.25
"129",129,"Kg. Sengkurong A","MUKIM SENGKURONG",3032555.5
"130",130,"Kg. Sengkurong B","MUKIM SENGKURONG",2295442.5
"131",131,"Kg. Serasa","MUKIM SERASA",7000815
"132",132,"Kg. Serdang","MUKIM KOTA BATU",356199.1875
"133",133,"Kg. Serusop","MUKIM BERAKAS A",1758285.125
"134",134,"Kg. Setia A","MUKIM SUNGAI KEBUN",216182.640625
"135",135,"Kg. Setia B","MUKIM SUNGAI KEBUN",434823.21875
"136",136,"Kg. Setia Pahlawan","MUKIM PERAMU",24859.291015625
"137",137,"Kg. Sungai Lampai","MUKIM KOTA BATU",76936.9921875
"138",138,"Kg. Sinarubai","MUKIM KILANAS",2453036.75
"139",139,"Kg. Subok","MUKIM KOTA BATU",6215366
"140",140,"Kg. Sungai Akar","MUKIM BERAKAS B",3416407.5
"141",141,"Kg. Sungai Asam","MUKIM LUMAPAS",334315.15625
"142",142,"Kg. Sungai Belukut","MUKIM KOTA BATU",1793071.875
"143",143,"Kg. Sungai Besar","MUKIM KOTA BATU",2853299.75
"144",144,"Kg. Sungai Hanching","MUKIM BERAKAS B",2969960
"145",145,"Kg. Sungai Kebun","MUKIM SUNGAI KEBUN",479970.5625
"146",146,"Kg. Sungai Kedayan A","MUKIM SUNGAI KEDAYAN",44723.15625
"147",147,"Kg. Sungai Kedayan B","MUKIM SUNGAI KEDAYAN",21494.23046875
"148",148,"Kg. Sungai Matan","MUKIM KOTA BATU",367879.71875
"149",149,"Kg. Sungai Orok","MUKIM BERAKAS B",1002937.875
"150",150,"Kg. Sungai Pandan A","MUKIM BURONG PINGAI AYER",25559.703125
"151",151,"Kg. Sungai Pandan B","MUKIM BURONG PINGAI AYER",24843.890625
"152",152,"Kg. Sungai Siamas","MUKIM SUNGAI KEBUN",59302.47265625
"153",153,"Kg. Sungai Tilong","MUKIM BERAKAS B",5175783
"154",154,"Kg. Tagap","MUKIM SENGKURONG",1433425
"155",155,"Kg. Tamoi Tengah","MUKIM TAMOI",109615.578125
"156",156,"Kg. Tamoi Ujong","MUKIM TAMOI",144476.4375
"157",158,"Kg. Tanjong Bunut","MUKIM KILANAS",2844965.75
"158",159,"Kg. Tanjong Kindana","MUKIM KOTA BATU",2632063.25
"159",160,"Kg. Tanjong Nangka","MUKIM SENGKURONG",8744444
"160",161,"Kg. Tarap Bau","MUKIM LUMAPAS",441285.21875
"161",162,"Kg. Tasek Lama","MUKIM KIANGGEH",2715541
"162",163,"Kg. Tasek Meradun","MUKIM KILANAS",2590148
"163",164,"Kg. Telanai","MUKIM KILANAS",6250219.5
"164",165,"Kg. Terunjing","MUKIM BERAKAS A",1662605.875
"165",166,"Kg. Tumasek","MUKIM KIANGGEH",3592715.75
"166",167,"Kg. Tungkadeh","MUKIM KIANGGEH",707068.875
"167",169,"Kg. Ujong Bukit","MUKIM TAMOI",36327.08984375
"168",170,"Kg. Ujong Kelinik","MUKIM SUNGAI KEBUN",78970.5546875
"169",171,"Kg. Ujong Tanjong","MUKIM SUNGAI KEDAYAN",39652.9921875
"170",172,"Kg. Wasan","MUKIM PANGKALAN BATU",13624763
"171",173,"Mengkubau","MUKIM KOTA BATU",11253425
"172",174,"PEKAN MUARA","MUKIM SERASA",3321791.75
"173",176,"STKRJ Lambak Kiri","MUKIM BERAKAS A",4524840.5
"174",177,"Kg. Meragang","MUKIM SERASA",7533356
"175",178,"Kg. Parit","MUKIM PANGKALAN BATU",5438636
"176",179,"Kg. Parit","MUKIM KIANGGEH",1290456.125
"177",180,"Kg. Panchor","MUKIM MENTIRI",4222988.5
"178",181,"Lingkungan Diplomatik","MUKIM KIANGGEH",3361992.25
"179",182,"Kg. Belaban","MUKIM AMO",5276037.5
"180",183,"Kg. Sibulu","MUKIM AMO",3574584
"181",184,"Kg. Selangan","MUKIM AMO",4016621.75
"182",185,"Kg. Parit","MUKIM AMO",6078773.5
"183",186,"Kg. Kastam Lama","MUKIM BANGAR",30034886
"184",187,"Kg. Parit Belayang","MUKIM BANGAR",5358283
"185",188,"Kg. Peliunan","MUKIM BANGAR",2093605.75
"186",189,"Kg. Sungai Sulok","MUKIM BANGAR",2005138.25
"187",190,"Kg. Sungai Getahan","MUKIM BANGAR",2104193.5
"188",191,"Kg. Seri Tanjong Belayang","MUKIM BANGAR",4005586.5
"189",192,"Kg. Menengah","MUKIM BANGAR",395020.8125
"190",193,"Kg. Sungai Tanit","MUKIM BANGAR",448970.875
"191",194,"PEKAN BANGAR","MUKIM BANGAR",1864538.375
"192",195,"Kg. Batang Tuau","MUKIM BANGAR",3585342.5
"193",196,"Kg. Sungai Tanam","MUKIM BANGAR",435362.34375
"194",197,"Kg. Gadong","MUKIM BANGAR",702229.5
"195",198,"Kg. Batu Bejarah","MUKIM BANGAR",370298.65625
"196",199,"Kg. Puni","MUKIM BANGAR",4523149.5
"197",200,"Kg. Semamang","MUKIM BANGAR",1483245
"198",201,"Kg. Subok","MUKIM BANGAR",890189.125
"199",202,"Kg. Kinalong","MUKIM BANGAR",1858142.875
"200",203,"Kg. Ujong Jalan","MUKIM BANGAR",544208.0625
"201",204,"Kg. Bang Bulan","MUKIM BANGAR",2603844.5
"202",205,"Kg. Piungan","MUKIM BANGAR",989756.5625
"203",206,"Kg. Belingos","MUKIM BANGAR",2277066.5
"204",207,"Kg. Lagau","MUKIM BANGAR",149542.109375
"205",208,"Kg. Luagan","MUKIM BATU APOI",5396177
"206",209,"Kg. Negalang Unat","MUKIM BATU APOI",6045637.5
"207",210,"Kg. Lakiun","MUKIM BATU APOI",2810140.75
"208",211,"Kg. Negalang Ering","MUKIM BATU APOI",7430528.5
"209",212,"Kg. Selilit","MUKIM BATU APOI",2666505.25
"210",213,"Kg. Batu Apoi","MUKIM BATU APOI",2062112.5
"211",214,"Kg. Peliunan","MUKIM BATU APOI",564855.3125
"212",215,"Kg. Tanjong Bungar","MUKIM BATU APOI",7995093
"213",216,"Kg. Rebada","MUKIM BATU APOI",11450823
"214",217,"Kg. Lamaling","MUKIM BATU APOI",6508683.5
"215",218,"Kg. Sungai Radang","MUKIM BATU APOI",8576849
"216",219,"Kg. Gadong Baru","MUKIM BATU APOI",7656991
"217",220,"Kg. Simbatang","MUKIM BATU APOI",5990432.5
"218",221,"Kg. Sekurop","MUKIM BATU APOI",7428176.5
"219",222,"Kg. Buda-Buda","MUKIM BOKOK",940747.875
"220",223,"Kg. Belais Kecil","MUKIM BOKOK",1092910.75
"221",224,"Kg. Belais Besar","MUKIM BOKOK",1749825.875
"222",225,"Kg. Rataie","MUKIM BOKOK",5384480
"223",226,"Kg. Paya Bagangan","MUKIM BOKOK",1271089.25
"224",227,"Kg. Bokok","MUKIM BOKOK",634449.875
"225",228,"Kg. Maniup","MUKIM BOKOK",1041599.5
"226",229,"Kg. Bakarut","MUKIM BOKOK",1974976.875
"227",230,"Kg. Simbatang","MUKIM BOKOK",6265412
"228",231,"Kg. Kenua","MUKIM BOKOK",7088909
"229",232,"Hutan Simpan Labu","MUKIM LABU",136826288
"230",233,"Kg. Piasau-Piasau","MUKIM LABU",24274244
"231",234,"Kg. Perdayan","MUKIM LABU",21483364
"232",235,"Kg. Labu Estate","MUKIM LABU",7153886
"233",236,"Kg. Senukoh","MUKIM LABU",43784264
"234",237,"Hutan Simpan Perdayan","MUKIM LABU",9839061
"235",238,"Kg. Kuala Lurah","MUKIM PANGKALAN BATU",7802089.5
"236",240,"Kg. Maraburong","MUKIM KERIAM",9033395
"237",241,"Kg. Kupang","MUKIM KERIAM",9846546
"238",242,"Kg. Sungai Kelugos","MUKIM KERIAM",4215498
"239",243,"Kg. Birau","MUKIM KIUDANG",9332838
"240",244,"Kg. Batang Mitus","MUKIM KIUDANG",13125472
"241",245,"STKRJ Mata-Mata Kawasan 2","MUKIM GADONG B",856984.625
"242",246,"Kg. Perpindahan Mata-Mata","MUKIM GADONG B",767061.9375
"243",247,"STKRJ Mata-Mata Kawasan 3","MUKIM GADONG B",857692.125
"244",248,"STKRJ Mata-Mata Kawasan 1","MUKIM GADONG B",563926.8125
"245",249,NA,"MUKIM GADONG B",965514.5625
"246",250,"STKRJ Tungku Kawasan 1","MUKIM GADONG A",703642.0625
"247",251,"STKRJ Tungku Kawasan 3","MUKIM GADONG A",691483.8125
"248",252,"STKRJ Tungku Kawasan 2","MUKIM GADONG A",769897.625
"249",253,"STKRJ Rimba","MUKIM GADONG A",929474.1875
"250",254,"Kg. Sumbiling Lama","MUKIM SUNGAI KEDAYAN",101005.84375
"251",255,"Kg. Bukit Salat","MUKIM SUNGAI KEDAYAN",44037.1171875
"252",256,"PUSAT BANDAR","MUKIM KIANGGEH",626277.5625
"253",257,"Kg. Panchor","MUKIM LUMAPAS",5217726.5
"254",258,"STKRJ Lumapas Kawasan 1","MUKIM LUMAPAS",322663
"255",259,"Kg. Kilugus","MUKIM LUMAPAS",3062371.25
"256",260,"Kg. Kilugus","MUKIM LUMAPAS",1674766.5
"257",261,"Kg. Kasat","MUKIM LUMAPAS",12885698
"258",262,"Kg. Baong","MUKIM LUMAPAS",4491088.5
"259",264,"Kg. Sungai Buloh","MUKIM MENTIRI",2197195
"260",265,"Kg. Luagan Timbaran","MUKIM KIUDANG",2597135
"261",266,"Kg. Kukub","MUKIM SUKANG",128908056
"262",267,"Hutan Simpan Bukit Ladan","MUKIM RAMBAI",245585424
"263",268,"Kg. Lalipo","MUKIM RAMBAI",3408939.25
"264",269,"Kg. Supon Kechil","MUKIM RAMBAI",49507444
"265",270,"Kg. Bedawan","MUKIM RAMBAI",2887256
"266",271,"Kg. Belabau","MUKIM RAMBAI",53799032
"267",272,"Kg. Layong","MUKIM LAMUNIN",7054372
"268",273,"Kg. Biong","MUKIM LAMUNIN",5439111
"269",274,"Kg. Bintudoh","MUKIM LAMUNIN",6514373
"270",275,"Kg. Bukit Bang Dalam","MUKIM LAMUNIN",1832068.875
"271",276,"Kg. Bukit Puan","MUKIM LABI",26527324
"272",277,"Kg. Apak-Apak","MUKIM SUKANG",108400808
"273",278,"Kg. Sungai Hilir","MUKIM SUKANG",33438544
"274",279,"Kg. Bukit Sulang","MUKIM LAMUNIN",5784459.5
"275",280,"Kg. Menengah","MUKIM LAMUNIN",3456326.25
"276",281,"Kg. Mumong A","MUKIM KUALA BELAIT",8298089
"277",282,"Kg. Mumong B","MUKIM KUALA BELAIT",9366484
"278",283,"PEKAN KUALA BELAIT","MUKIM KUALA BELAIT",5799719
"279",284,"Kg. Pandan A","MUKIM KUALA BELAIT",1874860.125
"280",285,"Kg. Pandan B","MUKIM KUALA BELAIT",1908873.5
"281",286,"Kg. Pandan C","MUKIM KUALA BELAIT",3430505.5
"282",287,"Kg. Kajitan","MUKIM KUALA BALAI",2205716.5
"283",288,"Kg. Kuala Balai","MUKIM KUALA BALAI",6934381
"284",289,"Kg. Lubok Tapang","MUKIM KUALA BALAI",1065493.25
"285",290,"Kg. Lubok Lanyap","MUKIM KUALA BALAI",2340924.5
"286",291,"Kg. Pangalayan","MUKIM KUALA BALAI",3453587.75
"287",292,"Kg. Penyarap","MUKIM KUALA BALAI",1210640.5
"288",293,"Kg. Sungai Damit","MUKIM KUALA BALAI",3072245.5
"289",294,"Kg. Sungai Lutong","MUKIM KUALA BALAI",2125666
"290",295,"Kg. Sungai Mendaram","MUKIM KUALA BALAI",3624800
"291",296,"Kg. Tanjong Rangas","MUKIM KUALA BALAI",21089264
"292",297,"Kg. Tanjong Sudai","MUKIM KUALA BALAI",650212.8125
"293",298,"Kg. Tugong","MUKIM KUALA BALAI",3153540.75
"294",299,NA,"MUKIM KUALA BALAI",269107712
"295",300,"Kg. Gates","MUKIM LABI",2855274.25
"296",301,"Kg. Kenapol","MUKIM LABI",5302228
"297",302,"Kg. Labi","MUKIM LABI",1512609.125
"298",303,"Kg. Labi Lama","MUKIM LABI",2328317.25
"299",304,"Kg. Rampayoh","MUKIM LABI",32628194
"300",305,"Kg. Ratan","MUKIM LABI",6737089.5
"301",306,"Kg. Simpang Tiga","MUKIM LABI",2305097.25
"302",307,"Kg. Sungai Petai","MUKIM LABI",40412376
"303",308,"Kg. Tanajor","MUKIM LABI",12009709
"304",309,"Kg. Tapang Lupak","MUKIM LABI",22975408
"305",310,"Kg. Terawan","MUKIM LABI",3383044.75
"306",311,"Kg. Terunan","MUKIM LABI",10549216
"307",312,"Kg. Bisut","MUKIM BUKIT SAWAT",7929422.5
"308",313,"Kg. Bukit Kandol","MUKIM BUKIT SAWAT",5045761.5
"309",314,"Kg. Bukit Sawat","MUKIM BUKIT SAWAT",46467688
"310",315,"Kg. Merangking","MUKIM BUKIT SAWAT",33053430
"311",316,"Kg. Merangking Hilir","MUKIM BUKIT SAWAT",49908656
"312",317,"Kg. Merangking Ulu","MUKIM BUKIT SAWAT",11083558
"313",318,"Kg. Pangkalan Siong","MUKIM BUKIT SAWAT",78965168
"314",319,"Kg. Pulau Apil","MUKIM BUKIT SAWAT",1704074
"315",320,"Kg. Sungai Mau","MUKIM BUKIT SAWAT",53450856
"316",321,"Kg. Tarap","MUKIM BUKIT SAWAT",10104598
"317",322,"Kg. Pangkalan Dalai","MUKIM TELISAI",20263664
"318",323,"Kg. Telisai","MUKIM TELISAI",5855784
"319",324,"Kg. Luagan Dudok","MUKIM KERIAM",9446663
"320",325,"Kg. Bukit Panggal","MUKIM KERIAM",5087372
"321",326,"Kg. Sinaut","MUKIM KERIAM",10626687
"322",327,"Kg. Keriam","MUKIM KERIAM",13445687
"323",330,"Kg. Kandang","MUKIM PEKAN TUTONG",7961806
"324",331,"Kg. Serambangun","MUKIM PEKAN TUTONG",2092679.875
"325",332,"Kg. Petani","MUKIM PEKAN TUTONG",737245.875
"326",333,"Kg. Panchor Dulit","MUKIM PEKAN TUTONG",715652.375
"327",334,"Kg. Sengkarai","MUKIM PEKAN TUTONG",3481388.25
"328",335,"Bukit Bendera","MUKIM PEKAN TUTONG",2894327.25
"329",336,"Kg. Panchor Papan","MUKIM PEKAN TUTONG",1455123
"330",338,"Kg. Tanah Burok","MUKIM PEKAN TUTONG",1420734.625
"331",340,"Paya Pekan Tutong","MUKIM PEKAN TUTONG",13807088
"332",341,"Kg. Bakiau","MUKIM KIUDANG",14339164
"333",342,"Kg. Kiudang","MUKIM KIUDANG",10356423
"334",343,"Kg. Pad Nunok","MUKIM KIUDANG",11106119
"335",344,"Kg. Mungkom","MUKIM KIUDANG",16520756
"336",345,"Kg. Panapar-Danau","MUKIM TELISAI",369703.28125
"337",346,"Kg. Penyatang","MUKIM TELISAI",7185277.5
"338",347,"Kg. Binchaya","MUKIM TELISAI",9463392
"339",348,"Kg. Bukit Beruang","MUKIM TELISAI",13523657
"340",349,"Kg. Bukit Pasir","MUKIM TELISAI",9788796
"341",350,"Kg. Telamba","MUKIM TELISAI",1608859.875
"342",351,"Kg. Pangkalan Mau","MUKIM KIUDANG",2101309.5
"343",352,"Kg. Kebia","MUKIM KIUDANG",2677340.5
"344",353,"Kg. Kuala Abang","MUKIM LAMUNIN",7442224.5
"345",354,"Kg. Lamunin","MUKIM LAMUNIN",15650747
"346",355,"Kg. Bukit Barun","MUKIM LAMUNIN",5721410.5
"347",358,"Kg. Tanjong Panjang","MUKIM TANJONG MAYA",4128540.5
"348",359,"Kg. Liulon","MUKIM TANJONG MAYA",1888734.75
"349",360,"Kg. Bangunggos","MUKIM TANJONG MAYA",1994137.5
"350",361,"Kg. Sebakit","MUKIM TANJONG MAYA",1988144.375
"351",362,"Kg. Penapar","MUKIM TANJONG MAYA",7657016
"352",363,"Kg. Pemadang","MUKIM TANJONG MAYA",2248522.25
"353",364,"Kg. Lubok Pulau","MUKIM TANJONG MAYA",6067676.5
"354",365,"Kg. Tanjong Maya","MUKIM TANJONG MAYA",24884044
"355",366,"Kg. Padang","MUKIM TANJONG MAYA",2523784.5
"356",367,"Kg. Bukit Sibut","MUKIM TANJONG MAYA",780781.6875
"357",368,"Kg. Sungai Paku","MUKIM TELISAI",8007549
"358",369,"Kg. Keramut","MUKIM TELISAI",2217024
"359",370,NA,"MUKIM LIANG",62132596
"360",371,"Perkhemahan Lumut","MUKIM LIANG",4449119.5
"361",372,"Kg. Sungai Tali","MUKIM LIANG",1098243
"362",373,"Perumahan Negara Lumut Kawasan 2","MUKIM LIANG",3610759.5
"363",374,"Kg. Lumut","MUKIM LIANG",2603332.75
"364",375,"Hutan Simpan Andulau","MUKIM LIANG",31228998
"365",376,"Kg. Sungai Kang","MUKIM LIANG",2964155.5
"366",377,"Kg. Sungai Liang","MUKIM LIANG",5522012
"367",378,"Kg. Perumpong","MUKIM LIANG",1686361.375
"368",379,"Kg. Sungai Gana","MUKIM LIANG",4021330.75
"369",380,"Kg. Lilas","MUKIM LIANG",1558796.5
"370",381,"Kg. Tunggulian","MUKIM LIANG",3505897
"371",382,"Kg. Keluyoh","MUKIM LIANG",6081178
"372",383,"Kg. Agis-Agis","MUKIM LIANG",1132316.375
"373",384,"Kg. Sungai Lalit","MUKIM LIANG",5411679
"374",385,"Kg. Sungai Taring","MUKIM LIANG",718253.4375
"375",386,"PEKAN SERIA Kawasan I","MUKIM SERIA",1631356
"376",387,"Kg. Panaga","MUKIM SERIA",22264274
"377",388,"Kg. Lorong Tiga Selatan","MUKIM SERIA",810851.875
"378",389,"Perumahan Negara Lorong Tengah Seria","MUKIM SERIA",3477206.75
"379",390,"Kg. Sungai Bera","MUKIM SERIA",5228922
"380",391,"Kg. Anduki","MUKIM SERIA",17016784
"381",392,"Badas","MUKIM SERIA",110832248
"382",393,"STKRJ Lumut","MUKIM LIANG",1830525.25
"383",394,"Kg. Lumut Tersusun","MUKIM LIANG",1521940
"384",395,"Kg. Sungai Kuru","MUKIM LIANG",645670.1875
"385",396,"PEKAN SERIA Kawasan II","MUKIM SERIA",2892892.5
"386",397,"Kg. Sungai Melilit","MUKIM KUALA BELAIT",34547864
"387",398,"Kg. Sungai Teraban","MUKIM KUALA BELAIT",22671288
"388",399,"Kg. Sungai Bakong","MUKIM LIANG",1913117.5
"389",400,"Perumahan Negara Lumut Kawasan 1","MUKIM LIANG",1146794.125
"390",401,"Hutan Simpan Andulau","MUKIM UKONG",66131816
"391",402,"Kg. Bukit Udal","MUKIM TANJONG MAYA",14289404
"392",403,"Kg. Supon Besar","MUKIM RAMBAI",74589000
"393",404,"Kg. Long Mayan","MUKIM UKONG",29200868
"394",405,"Kg. Pak Bidang","MUKIM UKONG",5978850
"395",406,"Kg. Merimbun","MUKIM RAMBAI",50611212
"396",407,"Kg. Rambai","MUKIM RAMBAI",13015403
"397",408,"Kg. Kuala Ungar","MUKIM RAMBAI",7125295
"398",409,"Kg. Bukit","MUKIM UKONG",36788356
"399",410,"Kg. Ukong","MUKIM UKONG",6898409
"400",411,"Kg. Sungai Damit Pemadang","MUKIM UKONG",9195916
"401",412,"Kg. Pangkalan Ra'an","MUKIM UKONG",3466883.5
"402",413,"Kg. Benutan","MUKIM RAMBAI",53395888
"403",414,"Kg. Panchung","MUKIM LAMUNIN",19994156
"404",415,"Hutan Simpan Bukit Ladan","MUKIM LAMUNIN",31008926
"405",416,"Kg. Sukang","MUKIM SUKANG",189466944
"406",417,"Kg. Melilas","MUKIM MELILAS",12284590
"407",418,"Kg. Bang Garang","MUKIM MELILAS",34757624
"408",419,"Kg. Dungun","MUKIM SUKANG",354696448
"409",420,"Kg. Bukit Tuding","MUKIM MELILAS",560244672
"410",421,"Kg. Mendaram Kecil","MUKIM LABI",85858960
"411",422,"Kg. Teraja","MUKIM LABI",108521344
"412",882,NA,NA,NA
"413",883,NA,NA,NA
"414",884,NA,NA,NA
"415",893,NA,NA,NA
"416",894,NA,NA,NA
"417",895,NA,NA,NA
"418",896,NA,NA,NA
"419",901,NA,NA,NA
"420",902,NA,NA,NA
"421",908,NA,NA,NA
"422",910,NA,NA,NA
"423",911,NA,NA,NA
"424",913,NA,NA,NA
"425",914,NA,NA,NA
"426",915,NA,NA,NA
"427",917,NA,NA,NA
"428",920,NA,NA,NA
"429",921,NA,NA,NA
"430",922,NA,NA,NA
"431",923,NA,NA,NA
"432",924,NA,NA,NA
"433",925,NA,NA,NA
"434",926,NA,NA,NA
"435",927,NA,NA,NA
"436",928,NA,NA,NA
"437",929,NA,NA,NA
"438",930,NA,NA,NA
"439",932,NA,NA,NA
"440",933,NA,NA,NA
"441",954,"Kg. Tungku","MUKIM GADONG A",23048426
"442",958,"Perkhemahan Berakas","MUKIM BERAKAS A",11639520
"443",959,"Kg. Tanah Jambu","MUKIM MENTIRI",13165984
"444",962,"Kawasan Padang Tembak Binturan","MUKIM KERIAM",54566948
"445",963,"Kg. Penanjong","MUKIM PEKAN TUTONG",2912528.25
"446",964,"Tutong Kem","MUKIM PEKAN TUTONG",2197250.25
"447",966,"Kg. Penabai","MUKIM PEKAN TUTONG",2081824.875
"448",967,"Kg. Kuala Tutong","MUKIM PEKAN TUTONG",1356947.5
"449",968,"Kg. Danau","MUKIM TELISAI",722208.5
"450",969,"Kg. Tumpuan Ugas","MUKIM TELISAI",567800.625
"451",983,NA,NA,NA
